,coef,std
total_firms,-14.062700984155208,158.93265234896074
job_creation_rate,-348.7279261183952,4011.1766609530223
job_destruction_rate,-309.92718818870804,3177.07802985833
startup_firms,17.206391770843027,191.8128169906479
ar.L1,0.5242972746128433,0.18593344225266206
sigma2,140.64497348341803,182.02553100995647
