,coef,std
bs_total_stations,-0.2584369145448471,3.4573906604427016
ar.L1,0.6397572990666638,0.1338303029187041
sigma2,150.78070476690482,188.79968874418265
