,coef,std
state_local_perc,-3564.6893671527328,10650.289509597384
ar.L1,0.6090044826998721,0.14152218871087546
sigma2,149.65982579828284,188.2463690987753
