,coef,std
startup_firms,0.09811012960485849,1.5938987561439055
net_job_rate,-3.930558389700599,80.00887856509735
ar.L1,0.6075197418244793,0.15204084684964408
sigma2,147.01752211277795,187.32976466158803
