,coef,std
state_local_perc,-0.5867521894775789,1.9629046486711754
ar.L1,0.6219039115654433,0.14641421502273697
sigma2,0.01918676651807164,0.022111951075756715
