,coef,std
ar.L1,0.00046419488778256894,0.13435056114409802
sigma2,1.7566699229058637e-05,0.022407868832646647
