,coef,std
ar.L1,0.6387403830357045,0.1342178139963741
sigma2,152.10583818185575,191.6399711568793
